Province/State,Country/Region,,First confirmed date in country,1/21/2020 10:00 PM,1/22/2020 12:00 PM,1/23/2020 12:00 PM,1/24/2020 12:00 AM,1/24/2020 12:00 PM,1/25/2020 12:00 AM,1/25/2020 12:00 PM,1/25/2020 10:00 PM,1/26/2020 11:00 AM,1/26/2020 11:00 PM,1/27/2020 9:00 AM,1/27/2020 7:00 PM,1/27/2020 8:30 PM,1/28/2020 1:00 PM,1/28/2020 6:00 PM,1/28/2020 11:00 PM,1/29/2020 1:30 PM,1/29/2020 2:30 PM,1/29/2020 9:00 PM,1/30/2020 11:00 AM,1/31/2020 2:00 PM,1/31/2020 7:00 PM,2/1/2020 10:00 AM,2/2/2020 9:00 PM,2/3/2020 9:00 PM
,,,,,,,,,,,,,,,,,,,,,,,,,,,,
Anhui,Mainland China,,1/3/2020,,,,,,,,,,,,,,,,,2,2,2,2,3,3,5,7,14
Beijing,Mainland China,,1/3/2020,,,,,1,1,2,2,2,2,2,2,2,4,4,4,4,4,4,4,5,5,9,9,12
Chongqing,Mainland China,,1/3/2020,,,,,,,,,,,,,,,,1,,1,1,1,1,1,3,7,9
Fujian,Mainland China,,1/3/2020,,,,,,,,,,,,,,,,,,,,,,,,,1
Gansu,Mainland China,,1/3/2020,,,,,,,,,,,,,,,,,,,,,,,,3,3
Guangdong,Mainland China,,1/3/2020,,,2,2,2,2,2,2,2,2,3,4,4,4,4,5,4,5,6,10,11,10,14,15,21
Guangxi,Mainland China,,1/3/2020,,,,,,,,,,,,,,2,2,2,2,2,2,2,2,2,2,2,7
Guizhou,Mainland China,,1/3/2020,,,,,,,,,,,,,,,,,,1,1,1,2,2,2,2,2
Hainan,Mainland China,,1/3/2020,,,,,,,,,,,,,,,,,1,,,1,1,1,1,4,4
Hebei,Mainland China,,1/3/2020,,,,,,,,,,,,,,,,,,,,,,,,3,3
Heilongjiang,Mainland China,,1/3/2020,,,,,,,,,,,,,,,,,,,,,,,2,2,2
Henan,Mainland China,,1/3/2020,,,,,,,,,,,,,,,,1,1,1,2,2,3,3,3,14,14
Hubei,Mainland China,,1/3/2020,25,28,28,31,31,32,32,42,42,44,45,45,47,52,80,80,80,88,90,90,141,169,168,295,386
Hunan,Mainland China,,1/3/2020,,,,,,,,,,,,,,,,,,,,2,2,3,8,16,22
Inner Mongolia,Mainland China,,1/3/2020,,,,,,,,,,,,,,,,,,,,,1,,1,1,1
Jiangsu,Mainland China,,1/3/2020,,,,,,1,1,1,1,1,1,1,1,1,1,1,1,1,1,1,5,5,6,7,8
Jiangxi,Mainland China,,1/3/2020,,,,,,,,,,,1,2,2,3,3,3,3,3,4,5,7,7,9,18,18
Jilin,Mainland China,,1/3/2020,,,,,,,,,,,,,,,,,,,1,1,1,1,1,1,1
Liaoning,Mainland China,,1/3/2020,,,,,,,,,,,,,,,,,,1,1,1,1,1,1,1,1
Ningxia,Mainland China,,1/3/2020,,,,,,,,,,,,,,,,,,,,,,1,,,1
Qinghai,Mainland China,,1/3/2020,,,,,,,,,,,,,,,,,,,,,,,,,0
Shaanxi,Mainland China,,1/3/2020,,,,,,,,,,,,,,,,,,,,,,,,,0
Shandong,Mainland China,,1/3/2020,,,,,,,,,,,,,,,,,1,1,1,1,2,2,3,6,7
Shanghai,Mainland China,,1/3/2020,,,,,1,1,1,1,1,1,3,3,3,4,4,4,4,5,5,5,9,9,10,10,10
Shanxi,Mainland China,,1/3/2020,,,,,,,,,,,,,,,,,,1,1,1,1,1,1,3,2
Sichuan,Mainland China,,1/3/2020,,,,,,,,,,,,,,,,,,1,1,1,1,1,3,12,14
Tianjin,Mainland China,,1/3/2020,,,,,,,,,,,,,,,,,,,,,,,,1,1
Tibet,Mainland China,,1/3/2020,,,,,,,,,,,,,,,,,,,,,,,,,0
Xinjiang,Mainland China,,1/3/2020,,,,,,,,,,,,,,,,,,,,,,,,,0
Yunnan,Mainland China,,1/3/2020,,,,,,,,,,,,,,,,,,,,,1,1,2,3,5
Zhejiang,Mainland China,,1/3/2020,,,,1,1,1,1,1,1,1,1,1,1,3,3,3,3,3,4,4,14,14,21,36,43
Hong Kong,Hong Kong,,1/23/2020,,,,,,,,,,,,,,,,,,,,,,,,,
Macau,Macau,,1/22/2020,,,,,,,,,,,,,,,,,,,,,,,,,
Taiwan,Taiwan,,1/21/2020,,,,,,,,,,,,,,,,,,,,,,,,,
Washington,US,,1/21/2020,,,,,,,,,,,,,,,,,,,,,,,,,
Illinois,US,,1/24/2020,,,,,,,,,,,,,,,,,,,,,,,,,
California,US,,1/26/2020,,,,,,,,,,,,,,,,,,,,,,,,,
Arizona,US,,1/26/2020,,,,,,,,,,,,,,,,,,,,,,,,,
,Japan,,1/16/2020,,,,,,,,,1,1,1,1,1,1,1,1,1,1,1,1,1,1,1,1,1
,Thailand,,1/13/2020,,,,,,,,,2,2,2,2,2,5,5,5,5,5,5,5,5,5,5,5,5
,South Korea,,1/21/2020,,,,,,,,,,,,,,,,,,,,,,,,,
,Singapore,,1/23/2020,,,,,,,,,,,,,,,,,,,,,,,,,
,Vietnam,,1/23/2020,,,,,,,,,,,,,,,,,,,,,,,1,1,1
,France,,1/24/2020,,,,,,,,,,,,,,,,,,,,,,,,,
,Nepal,,1/25/2020,,,,,,,,,,,,,,,,,,,,,,,,,
,Malaysia,,1/25/2020,,,,,,,,,,,,,,,,,,,,,,,,,
Ontario,Canada,,1/26/2020,,,,,,,,,,,,,,,,,,,,,,,,,
British Columbia,Canada,,1/28/2020,,,,,,,,,,,,,,,,,,,,,,,,,
New South Wales,Australia,,1/26/2020,,,,,,,,,,,,,,,,,,,,,,,2,2,2
Victoria,Australia,,1/26/2020,,,,,,,,,,,,,,,,,,,,,,,,,
Queensland,Australia,,1/27/2020,,,,,,,,,,,,,,,,,,,,,,,,,
,Cambodia,,1/27/2020,,,,,,,,,,,,,,,,,,,,,,,,,
,Sri Lanka,,1/27/2020,,,,,,,,,,,,,,,,,,,,,,,,,
Bavaria,Germany,,1/27/2020,,,,,,,,,,,,,,,,,,,,,,,,,
,Finland,,1/29/2020,,,,,,,,,,,,,,,,,,,,,,,,,
,United Arab Emirates,,1/29/2020,,,,,,,,,,,,,,,,,,,,,,,,,
,Philippines,,1/29/2020,,,,,,,,,,,,,,,,,,,,,,,,,
,India,,1/29/2020,,,,,,,,,,,,,,,,,,,,,,,,,
,Italy,,1/31/2020,,,,,,,,,,,,,,,,,,,,,,,,,
,UK,,1/31/2020,,,,,,,,,,,,,,,,,,,,,,,,,
,Russia,,1/31/2020,,,,,,,,,,,,,,,,,,,,,,,,,
,Sweden,,1/31/2020,,,,,,,,,,,,,,,,,,,,,,,,,
,Spain,,2/1/2020,,,,,,,,,,,,,,,,,,,,,,,,,
South Australia,Australia,,2/1/2020,,,,,,,,,,,,,,,,,,,,,,,,,
"Boston, MA",US,,2/2/2020,,,,,,,,,,,,,,,,,,,,,,,,,
